et_bin,eta_bin,et_range,eta_range,total_samples,passed_loose,eff_loose,eff_sig_loose,passed_medium,eff_medium,eff_sig_medium,passed_tight,eff_tight,eff_sig_tight
0,0,"[15, 20)","[0.00, 0.80)",102,12,0.11764705882352941,0.11764705882352941,12,0.11764705882352941,0.11764705882352941,12,0.11764705882352941,0.11764705882352941
0,1,"[15, 20)","[0.80, 1.37)",396,86,0.21717171717171718,0.21717171717171718,86,0.21717171717171718,0.21717171717171718,86,0.21717171717171718,0.21717171717171718
0,2,"[15, 20)","[1.37, 1.54)",18,1,0.05555555555555555,0.05555555555555555,1,0.05555555555555555,0.05555555555555555,1,0.05555555555555555,0.05555555555555555
0,3,"[15, 20)","[1.54, 2.37)",0,0,0.0,0.0,0,0.0,0.0,0,0.0,0.0
0,4,"[15, 20)","[2.37, 2.50)",0,0,0.0,0.0,0,0.0,0.0,0,0.0,0.0
0,5,"[15, 20)",>=2.50,0,0,0.0,0.0,0,0.0,0.0,0,0.0,0.0
1,0,"[20, 30)","[0.00, 0.80)",183,42,0.22950819672131148,0.22950819672131148,42,0.22950819672131148,0.22950819672131148,42,0.22950819672131148,0.22950819672131148
1,1,"[20, 30)","[0.80, 1.37)",2059,881,0.42787761049052936,0.42787761049052936,881,0.42787761049052936,0.42787761049052936,881,0.42787761049052936,0.42787761049052936
1,2,"[20, 30)","[1.37, 1.54)",7,1,0.14285714285714285,0.14285714285714285,1,0.14285714285714285,0.14285714285714285,1,0.14285714285714285,0.14285714285714285
1,3,"[20, 30)","[1.54, 2.37)",0,0,0.0,0.0,0,0.0,0.0,0,0.0,0.0
1,4,"[20, 30)","[2.37, 2.50)",0,0,0.0,0.0,0,0.0,0.0,0,0.0,0.0
1,5,"[20, 30)",>=2.50,0,0,0.0,0.0,0,0.0,0.0,0,0.0,0.0
2,0,"[30, 40)","[0.00, 0.80)",643,191,0.29704510108864696,0.29704510108864696,191,0.29704510108864696,0.29704510108864696,191,0.29704510108864696,0.29704510108864696
2,1,"[30, 40)","[0.80, 1.37)",64936,48630,0.7488912159664901,0.7488912159664901,48630,0.7488912159664901,0.7488912159664901,48630,0.7488912159664901,0.7488912159664901
2,2,"[30, 40)","[1.37, 1.54)",7,2,0.2857142857142857,0.2857142857142857,2,0.2857142857142857,0.2857142857142857,2,0.2857142857142857,0.2857142857142857
2,3,"[30, 40)","[1.54, 2.37)",0,0,0.0,0.0,0,0.0,0.0,0,0.0,0.0
2,4,"[30, 40)","[2.37, 2.50)",0,0,0.0,0.0,0,0.0,0.0,0,0.0,0.0
2,5,"[30, 40)",>=2.50,0,0,0.0,0.0,0,0.0,0.0,0,0.0,0.0
3,0,"[40, 50)","[0.00, 0.80)",324,54,0.16666666666666666,0.16666666666666666,54,0.16666666666666666,0.16666666666666666,54,0.16666666666666666,0.16666666666666666
3,1,"[40, 50)","[0.80, 1.37)",19159,11029,0.5756563494963203,0.5756563494963203,11029,0.5756563494963203,0.5756563494963203,11029,0.5756563494963203,0.5756563494963203
3,2,"[40, 50)","[1.37, 1.54)",4,0,0.0,0.0,0,0.0,0.0,0,0.0,0.0
3,3,"[40, 50)","[1.54, 2.37)",0,0,0.0,0.0,0,0.0,0.0,0,0.0,0.0
3,4,"[40, 50)","[2.37, 2.50)",0,0,0.0,0.0,0,0.0,0.0,0,0.0,0.0
3,5,"[40, 50)",>=2.50,0,0,0.0,0.0,0,0.0,0.0,0,0.0,0.0
4,0,>=50,"[0.00, 0.80)",376,154,0.4095744680851064,0.4095744680851064,154,0.4095744680851064,0.4095744680851064,154,0.4095744680851064,0.4095744680851064
4,1,>=50,"[0.80, 1.37)",4825,2029,0.4205181347150259,0.4205181347150259,2029,0.4205181347150259,0.4205181347150259,2029,0.4205181347150259,0.4205181347150259
4,2,>=50,"[1.37, 1.54)",22,15,0.6818181818181818,0.6818181818181818,15,0.6818181818181818,0.6818181818181818,15,0.6818181818181818,0.6818181818181818
4,3,>=50,"[1.54, 2.37)",2,0,0.0,0.0,0,0.0,0.0,0,0.0,0.0
4,4,>=50,"[2.37, 2.50)",0,0,0.0,0.0,0,0.0,0.0,0,0.0,0.0
4,5,>=50,>=2.50,0,0,0.0,0.0,0,0.0,0.0,0,0.0,0.0
